{
  "train_r2": 0.8977923639523688,
  "test_r2": 0.8987203612377435,
  "train_rmse": 45855.60383095766,
  "test_rmse": 45443.928675575415,
  "timestamp": "2025-05-23 04:25:07",
  "model_type": "lasso",
  "feature_percentile": 99
}