{
  "train_r2": 0.9274561106820736,
  "test_r2": 0.9268522216491311,
  "train_rmse": 38632.35317838378,
  "test_rmse": 38620.275527739504,
  "timestamp": "2025-05-23 01:39:23",
  "model_type": "ridge",
  "feature_percentile": 95
}