{
  "train_r2": 0.9275720775611391,
  "test_r2": 0.9269361581053207,
  "train_rmse": 38601.46246286296,
  "test_rmse": 38598.11094794559,
  "timestamp": "2025-05-23 01:39:18",
  "model_type": "linear",
  "feature_percentile": 95
}