{
  "train_r2": 0.9273606015755637,
  "test_r2": 0.9268094477147067,
  "train_rmse": 38657.77591155392,
  "test_rmse": 38631.565684072324,
  "timestamp": "2025-05-23 01:40:44",
  "model_type": "lasso",
  "feature_percentile": 95
}